--------------------------------------------------------
--  File created - Wednesday-April-27-2022   
--------------------------------------------------------
--------------------------------------------------------
--  DDL for Table M_ROLES
--------------------------------------------------------

  CREATE TABLE "JUALANKU"."M_ROLES" 
   (	"ROLE_ID" NUMBER(10,0) GENERATED ALWAYS AS IDENTITY MINVALUE 1 MAXVALUE 9999999999999999999999999999 INCREMENT BY 1 START WITH 1 CACHE 20 NOORDER  NOCYCLE  NOKEEP  NOSCALE , 
	"ROLE" VARCHAR2(20 BYTE)
   ) SEGMENT CREATION IMMEDIATE 
  PCTFREE 10 PCTUSED 40 INITRANS 1 MAXTRANS 255 
 NOCOMPRESS LOGGING
  STORAGE(INITIAL 65536 NEXT 1048576 MINEXTENTS 1 MAXEXTENTS 2147483645
  PCTINCREASE 0 FREELISTS 1 FREELIST GROUPS 1
  BUFFER_POOL DEFAULT FLASH_CACHE DEFAULT CELL_FLASH_CACHE DEFAULT)
  TABLESPACE "USERS" ;
--------------------------------------------------------
--  DDL for Table S_USER
--------------------------------------------------------

  CREATE TABLE "JUALANKU"."S_USER" 
   (	"USER_ID" NUMBER(10,0) GENERATED ALWAYS AS IDENTITY MINVALUE 1 MAXVALUE 9999999999999999999999999999 INCREMENT BY 1 START WITH 1 CACHE 20 NOORDER  NOCYCLE  NOKEEP  NOSCALE , 
	"NAME" VARCHAR2(50 BYTE), 
	"EMAIL" VARCHAR2(50 BYTE), 
	"PHONE" VARCHAR2(20 BYTE), 
	"PASSWORD" VARCHAR2(100 BYTE), 
	"ADDRESS" VARCHAR2(225 BYTE), 
	"DATE_CREATED" TIMESTAMP (6), 
	"DATE_UPDATED" TIMESTAMP (6), 
	"ACCOUNT_NON_BLOCKED" VARCHAR2(5 BYTE), 
	"ATTEMPT" NUMBER
   ) SEGMENT CREATION IMMEDIATE 
  PCTFREE 10 PCTUSED 40 INITRANS 1 MAXTRANS 255 
 NOCOMPRESS LOGGING
  STORAGE(INITIAL 65536 NEXT 1048576 MINEXTENTS 1 MAXEXTENTS 2147483645
  PCTINCREASE 0 FREELISTS 1 FREELIST GROUPS 1
  BUFFER_POOL DEFAULT FLASH_CACHE DEFAULT CELL_FLASH_CACHE DEFAULT)
  TABLESPACE "USERS" ;
--------------------------------------------------------
--  DDL for Table T_CART
--------------------------------------------------------

  CREATE TABLE "JUALANKU"."T_CART" 
   (	"CART_ID" NUMBER(10,0) GENERATED ALWAYS AS IDENTITY MINVALUE 1 MAXVALUE 9999999999999999999999999999 INCREMENT BY 1 START WITH 1 CACHE 20 NOORDER  NOCYCLE  NOKEEP  NOSCALE , 
	"BUYER_ID" NUMBER(10,0), 
	"TOTAL_PRICE" NUMBER(10,0), 
	"DATE_CREATED" TIMESTAMP (6), 
	"DATE_UPDATED" TIMESTAMP (6)
   ) SEGMENT CREATION IMMEDIATE 
  PCTFREE 10 PCTUSED 40 INITRANS 1 MAXTRANS 255 
 NOCOMPRESS LOGGING
  STORAGE(INITIAL 65536 NEXT 1048576 MINEXTENTS 1 MAXEXTENTS 2147483645
  PCTINCREASE 0 FREELISTS 1 FREELIST GROUPS 1
  BUFFER_POOL DEFAULT FLASH_CACHE DEFAULT CELL_FLASH_CACHE DEFAULT)
  TABLESPACE "USERS" ;
--------------------------------------------------------
--  DDL for Table T_CART_ITEM
--------------------------------------------------------

  CREATE TABLE "JUALANKU"."T_CART_ITEM" 
   (	"CART_ITEM_ID" NUMBER(10,0) GENERATED ALWAYS AS IDENTITY MINVALUE 1 MAXVALUE 9999999999999999999999999999 INCREMENT BY 1 START WITH 1 CACHE 20 NOORDER  NOCYCLE  NOKEEP  NOSCALE , 
	"PRODUCT_ID" NUMBER(10,0), 
	"CART_ID" NUMBER(10,0), 
	"PRODUCT_QTY" NUMBER(2,0), 
	"DATE_CREATED" TIMESTAMP (6), 
	"DATE_UPDATED" TIMESTAMP (6)
   ) SEGMENT CREATION IMMEDIATE 
  PCTFREE 10 PCTUSED 40 INITRANS 1 MAXTRANS 255 
 NOCOMPRESS LOGGING
  STORAGE(INITIAL 65536 NEXT 1048576 MINEXTENTS 1 MAXEXTENTS 2147483645
  PCTINCREASE 0 FREELISTS 1 FREELIST GROUPS 1
  BUFFER_POOL DEFAULT FLASH_CACHE DEFAULT CELL_FLASH_CACHE DEFAULT)
  TABLESPACE "USERS" ;
--------------------------------------------------------
--  DDL for Table T_ORDER
--------------------------------------------------------

  CREATE TABLE "JUALANKU"."T_ORDER" 
   (	"ORDER_ID" NUMBER(10,0) GENERATED ALWAYS AS IDENTITY MINVALUE 1 MAXVALUE 9999999999999999999999999999 INCREMENT BY 1 START WITH 1 CACHE 20 NOORDER  NOCYCLE  NOKEEP  NOSCALE , 
	"BUYER_ID" NUMBER(10,0), 
	"WALLET_ID" NUMBER(10,0), 
	"TOTAL_PRICE" NUMBER(10,0), 
	"DATE_CREATED" TIMESTAMP (6), 
	"DATE_UPDATED" TIMESTAMP (6)
   ) SEGMENT CREATION IMMEDIATE 
  PCTFREE 10 PCTUSED 40 INITRANS 1 MAXTRANS 255 
 NOCOMPRESS LOGGING
  STORAGE(INITIAL 65536 NEXT 1048576 MINEXTENTS 1 MAXEXTENTS 2147483645
  PCTINCREASE 0 FREELISTS 1 FREELIST GROUPS 1
  BUFFER_POOL DEFAULT FLASH_CACHE DEFAULT CELL_FLASH_CACHE DEFAULT)
  TABLESPACE "USERS" ;
--------------------------------------------------------
--  DDL for Table T_ORDER_ITEM
--------------------------------------------------------

  CREATE TABLE "JUALANKU"."T_ORDER_ITEM" 
   (	"ORDER_ITEM_ID" NUMBER(10,0) GENERATED ALWAYS AS IDENTITY MINVALUE 1 MAXVALUE 9999999999999999999999999999 INCREMENT BY 1 START WITH 1 CACHE 20 NOORDER  NOCYCLE  NOKEEP  NOSCALE , 
	"ORDER_ID" NUMBER(10,0), 
	"PRODUCT_ID" NUMBER(10,0), 
	"PRODUCT_QTY" NUMBER(10,0), 
	"DATE_CREATED" TIMESTAMP (6), 
	"DATE_UPDATED" TIMESTAMP (6), 
	"SELLER_ID" NUMBER(10,0), 
	"BUYER_ID" NUMBER(10,0), 
	"STATUS" VARCHAR2(100 BYTE)
   ) SEGMENT CREATION IMMEDIATE 
  PCTFREE 10 PCTUSED 40 INITRANS 1 MAXTRANS 255 
 NOCOMPRESS LOGGING
  STORAGE(INITIAL 65536 NEXT 1048576 MINEXTENTS 1 MAXEXTENTS 2147483645
  PCTINCREASE 0 FREELISTS 1 FREELIST GROUPS 1
  BUFFER_POOL DEFAULT FLASH_CACHE DEFAULT CELL_FLASH_CACHE DEFAULT)
  TABLESPACE "USERS" ;
--------------------------------------------------------
--  DDL for Table T_OTP
--------------------------------------------------------

  CREATE TABLE "JUALANKU"."T_OTP" 
   (	"OTP_ID" NUMBER(10,0) GENERATED ALWAYS AS IDENTITY MINVALUE 1 MAXVALUE 9999999999999999999999999999 INCREMENT BY 1 START WITH 1 CACHE 20 NOORDER  NOCYCLE  NOKEEP  NOSCALE , 
	"OTP" VARCHAR2(6 BYTE), 
	"DATE_CREATED" TIMESTAMP (6), 
	"DATE_UPDATED" TIMESTAMP (6), 
	"EMAIL" VARCHAR2(50 BYTE)
   ) SEGMENT CREATION IMMEDIATE 
  PCTFREE 10 PCTUSED 40 INITRANS 1 MAXTRANS 255 
 NOCOMPRESS LOGGING
  STORAGE(INITIAL 65536 NEXT 1048576 MINEXTENTS 1 MAXEXTENTS 2147483645
  PCTINCREASE 0 FREELISTS 1 FREELIST GROUPS 1
  BUFFER_POOL DEFAULT FLASH_CACHE DEFAULT CELL_FLASH_CACHE DEFAULT)
  TABLESPACE "USERS" ;
--------------------------------------------------------
--  DDL for Table T_PRODUCT
--------------------------------------------------------

  CREATE TABLE "JUALANKU"."T_PRODUCT" 
   (	"PRODUCT_ID" NUMBER(10,0) GENERATED ALWAYS AS IDENTITY MINVALUE 1 MAXVALUE 9999999999999999999999999999 INCREMENT BY 1 START WITH 1 CACHE 20 NOORDER  NOCYCLE  NOKEEP  NOSCALE , 
	"SELLER_ID" NUMBER(10,0), 
	"NAME" VARCHAR2(50 BYTE), 
	"DESCRIPTION" VARCHAR2(255 BYTE), 
	"IMG" VARCHAR2(255 BYTE), 
	"PRICE" NUMBER(20,0), 
	"STOCK_AVAILABLE" NUMBER(10,0), 
	"STOCK_ORDERED" NUMBER(10,0), 
	"STOCK_SOLD" NUMBER(10,0), 
	"DATE_CREATED" TIMESTAMP (6), 
	"DATE_UPDATED" TIMESTAMP (6), 
	"IS_DELETED" VARCHAR2(5 BYTE)
   ) SEGMENT CREATION IMMEDIATE 
  PCTFREE 10 PCTUSED 40 INITRANS 1 MAXTRANS 255 
 NOCOMPRESS LOGGING
  STORAGE(INITIAL 65536 NEXT 1048576 MINEXTENTS 1 MAXEXTENTS 2147483645
  PCTINCREASE 0 FREELISTS 1 FREELIST GROUPS 1
  BUFFER_POOL DEFAULT FLASH_CACHE DEFAULT CELL_FLASH_CACHE DEFAULT)
  TABLESPACE "USERS" ;
--------------------------------------------------------
--  DDL for Table T_USER_ROLE
--------------------------------------------------------

  CREATE TABLE "JUALANKU"."T_USER_ROLE" 
   (	"USER_ROLE_ID" NUMBER(10,0) GENERATED ALWAYS AS IDENTITY MINVALUE 1 MAXVALUE 9999999999999999999999999999 INCREMENT BY 1 START WITH 1 CACHE 20 NOORDER  NOCYCLE  NOKEEP  NOSCALE , 
	"USER_ID" NUMBER(10,0), 
	"ROLE_ID" NUMBER(10,0)
   ) SEGMENT CREATION IMMEDIATE 
  PCTFREE 10 PCTUSED 40 INITRANS 1 MAXTRANS 255 
 NOCOMPRESS LOGGING
  STORAGE(INITIAL 65536 NEXT 1048576 MINEXTENTS 1 MAXEXTENTS 2147483645
  PCTINCREASE 0 FREELISTS 1 FREELIST GROUPS 1
  BUFFER_POOL DEFAULT FLASH_CACHE DEFAULT CELL_FLASH_CACHE DEFAULT)
  TABLESPACE "USERS" ;
--------------------------------------------------------
--  DDL for Table T_WALLET
--------------------------------------------------------

  CREATE TABLE "JUALANKU"."T_WALLET" 
   (	"WALLET_ID" NUMBER(10,0) GENERATED ALWAYS AS IDENTITY MINVALUE 1 MAXVALUE 9999999999999999999999999999 INCREMENT BY 1 START WITH 1 CACHE 20 NOORDER  NOCYCLE  NOKEEP  NOSCALE , 
	"BUYER_ID" NUMBER(10,0), 
	"TOTAL_BALANCE" NUMBER(10,0), 
	"DATE_CREATED" TIMESTAMP (6), 
	"DATE_UPDATED" TIMESTAMP (6)
   ) SEGMENT CREATION IMMEDIATE 
  PCTFREE 10 PCTUSED 40 INITRANS 1 MAXTRANS 255 
 NOCOMPRESS LOGGING
  STORAGE(INITIAL 65536 NEXT 1048576 MINEXTENTS 1 MAXEXTENTS 2147483645
  PCTINCREASE 0 FREELISTS 1 FREELIST GROUPS 1
  BUFFER_POOL DEFAULT FLASH_CACHE DEFAULT CELL_FLASH_CACHE DEFAULT)
  TABLESPACE "USERS" ;
REM INSERTING into JUALANKU.M_ROLES
SET DEFINE OFF;
Insert into JUALANKU.M_ROLES (ROLE_ID,ROLE) values (1,'SELLER');
Insert into JUALANKU.M_ROLES (ROLE_ID,ROLE) values (2,'BUYER');
REM INSERTING into JUALANKU.S_USER
SET DEFINE OFF;
Insert into JUALANKU.S_USER (USER_ID,NAME,EMAIL,PHONE,PASSWORD,ADDRESS,DATE_CREATED,DATE_UPDATED,ACCOUNT_NON_BLOCKED,ATTEMPT) values (10,'Irzan Fajari Nurahmadan','irzanfajari@gmail.com','+6281395647833','$2a$10$6DIXXqAeBbSDckDOfE3R3OaPyEIWW/8YGKcxHibeUOl2KPpznKegu','Bogor, Jl. Pintu Ledeng, GG. Damai 1, RT 02/RW 07, No. 30, 16610',to_timestamp('23-APR-22 01.55.33.300000000 AM','DD-MON-RR HH.MI.SSXFF AM'),to_timestamp('27-APR-22 03.49.06.184000000 PM','DD-MON-RR HH.MI.SSXFF AM'),'true',0);
Insert into JUALANKU.S_USER (USER_ID,NAME,EMAIL,PHONE,PASSWORD,ADDRESS,DATE_CREATED,DATE_UPDATED,ACCOUNT_NON_BLOCKED,ATTEMPT) values (21,'Trheamadiazulsa Surianata','trheamadiazulsa@gmail.com','+6281294738123','$2a$10$KEij7D.HWBmQKdSWZYx2xeQpWLH3BcBw07mgEJ3K56JrFDAeArw8K','Perumahan taman kenari blok C2/18 RT. 003 RW. 001 kelurahan Cimahpar',to_timestamp('25-APR-22 12.52.48.274000000 AM','DD-MON-RR HH.MI.SSXFF AM'),to_timestamp('27-APR-22 03.46.57.859000000 PM','DD-MON-RR HH.MI.SSXFF AM'),'true',0);
Insert into JUALANKU.S_USER (USER_ID,NAME,EMAIL,PHONE,PASSWORD,ADDRESS,DATE_CREATED,DATE_UPDATED,ACCOUNT_NON_BLOCKED,ATTEMPT) values (22,'Hizkia William Eben','hizkia@gmail.com','+623858397546','$2a$10$wj9qj54gAa8Zzw10AKyI6.gD8zvaEko7C7M/1jUYvPGFwWf4kmxcK','Jakarta, Kalibata',to_timestamp('25-APR-22 08.57.28.217000000 AM','DD-MON-RR HH.MI.SSXFF AM'),to_timestamp('26-APR-22 09.53.36.701000000 PM','DD-MON-RR HH.MI.SSXFF AM'),'true',0);
Insert into JUALANKU.S_USER (USER_ID,NAME,EMAIL,PHONE,PASSWORD,ADDRESS,DATE_CREATED,DATE_UPDATED,ACCOUNT_NON_BLOCKED,ATTEMPT) values (11,'Pradista Aprilia Winarno','pradista@gmail.com','+6281240775293','$2a$10$pqOGl25dBGdmEusdf9LLfO2Gyipj7lyfceM/Q37wsQp8U0qH9aAg6','Jakarta Utara,  Kelapa Gading',to_timestamp('23-APR-22 03.27.33.300000000 AM','DD-MON-RR HH.MI.SSXFF AM'),to_timestamp('27-APR-22 03.54.04.004000000 PM','DD-MON-RR HH.MI.SSXFF AM'),'true',0);
Insert into JUALANKU.S_USER (USER_ID,NAME,EMAIL,PHONE,PASSWORD,ADDRESS,DATE_CREATED,DATE_UPDATED,ACCOUNT_NON_BLOCKED,ATTEMPT) values (23,'William Wirawan','williamwir@gmail.com','+6281038475633','$2a$10$fsnFF2Q9DrJmtkLQc6616.7At8xPRgJ1Q0pEj4Q4NYYs8WRfXBs6y','Puncak, RT 02/ RW 08',to_timestamp('27-APR-22 03.53.08.675000000 PM','DD-MON-RR HH.MI.SSXFF AM'),to_timestamp('27-APR-22 04.02.33.700000000 PM','DD-MON-RR HH.MI.SSXFF AM'),'true',0);
REM INSERTING into JUALANKU.T_CART
SET DEFINE OFF;
Insert into JUALANKU.T_CART (CART_ID,BUYER_ID,TOTAL_PRICE,DATE_CREATED,DATE_UPDATED) values (1,10,0,to_timestamp('25-APR-22 11.11.06.216000000 PM','DD-MON-RR HH.MI.SSXFF AM'),to_timestamp('25-APR-22 11.11.06.216000000 PM','DD-MON-RR HH.MI.SSXFF AM'));
Insert into JUALANKU.T_CART (CART_ID,BUYER_ID,TOTAL_PRICE,DATE_CREATED,DATE_UPDATED) values (2,21,0,to_timestamp('25-APR-22 11.11.06.216000000 PM','DD-MON-RR HH.MI.SSXFF AM'),to_timestamp('25-APR-22 11.11.06.216000000 PM','DD-MON-RR HH.MI.SSXFF AM'));
Insert into JUALANKU.T_CART (CART_ID,BUYER_ID,TOTAL_PRICE,DATE_CREATED,DATE_UPDATED) values (3,23,0,to_timestamp('27-APR-22 03.53.09.190000000 PM','DD-MON-RR HH.MI.SSXFF AM'),to_timestamp('27-APR-22 03.53.09.190000000 PM','DD-MON-RR HH.MI.SSXFF AM'));
REM INSERTING into JUALANKU.T_CART_ITEM
SET DEFINE OFF;
REM INSERTING into JUALANKU.T_ORDER
SET DEFINE OFF;
Insert into JUALANKU.T_ORDER (ORDER_ID,BUYER_ID,WALLET_ID,TOTAL_PRICE,DATE_CREATED,DATE_UPDATED) values (4,10,1,1300000,to_timestamp('27-APR-22 01.17.17.669000000 AM','DD-MON-RR HH.MI.SSXFF AM'),to_timestamp('27-APR-22 01.17.17.669000000 AM','DD-MON-RR HH.MI.SSXFF AM'));
Insert into JUALANKU.T_ORDER (ORDER_ID,BUYER_ID,WALLET_ID,TOTAL_PRICE,DATE_CREATED,DATE_UPDATED) values (2,21,2,1200000,to_timestamp('26-APR-22 10.02.56.025000000 PM','DD-MON-RR HH.MI.SSXFF AM'),to_timestamp('26-APR-22 10.02.56.025000000 PM','DD-MON-RR HH.MI.SSXFF AM'));
Insert into JUALANKU.T_ORDER (ORDER_ID,BUYER_ID,WALLET_ID,TOTAL_PRICE,DATE_CREATED,DATE_UPDATED) values (5,21,2,200000,to_timestamp('27-APR-22 09.32.46.368000000 AM','DD-MON-RR HH.MI.SSXFF AM'),to_timestamp('27-APR-22 09.32.46.368000000 AM','DD-MON-RR HH.MI.SSXFF AM'));
Insert into JUALANKU.T_ORDER (ORDER_ID,BUYER_ID,WALLET_ID,TOTAL_PRICE,DATE_CREATED,DATE_UPDATED) values (6,23,3,600000,to_timestamp('27-APR-22 03.59.16.437000000 PM','DD-MON-RR HH.MI.SSXFF AM'),to_timestamp('27-APR-22 03.59.16.437000000 PM','DD-MON-RR HH.MI.SSXFF AM'));
REM INSERTING into JUALANKU.T_ORDER_ITEM
SET DEFINE OFF;
Insert into JUALANKU.T_ORDER_ITEM (ORDER_ITEM_ID,ORDER_ID,PRODUCT_ID,PRODUCT_QTY,DATE_CREATED,DATE_UPDATED,SELLER_ID,BUYER_ID,STATUS) values (4,2,15,3,to_timestamp('26-APR-22 10.02.56.058000000 PM','DD-MON-RR HH.MI.SSXFF AM'),to_timestamp('26-APR-22 10.02.56.058000000 PM','DD-MON-RR HH.MI.SSXFF AM'),11,21,'Sent');
Insert into JUALANKU.T_ORDER_ITEM (ORDER_ITEM_ID,ORDER_ID,PRODUCT_ID,PRODUCT_QTY,DATE_CREATED,DATE_UPDATED,SELLER_ID,BUYER_ID,STATUS) values (7,4,13,1,to_timestamp('27-APR-22 01.17.17.802000000 AM','DD-MON-RR HH.MI.SSXFF AM'),to_timestamp('27-APR-22 01.17.17.802000000 AM','DD-MON-RR HH.MI.SSXFF AM'),11,10,'Sent');
Insert into JUALANKU.T_ORDER_ITEM (ORDER_ITEM_ID,ORDER_ID,PRODUCT_ID,PRODUCT_QTY,DATE_CREATED,DATE_UPDATED,SELLER_ID,BUYER_ID,STATUS) values (3,2,18,1,to_timestamp('26-APR-22 10.02.56.051000000 PM','DD-MON-RR HH.MI.SSXFF AM'),to_timestamp('26-APR-22 10.02.56.051000000 PM','DD-MON-RR HH.MI.SSXFF AM'),22,21,'Pending');
Insert into JUALANKU.T_ORDER_ITEM (ORDER_ITEM_ID,ORDER_ID,PRODUCT_ID,PRODUCT_QTY,DATE_CREATED,DATE_UPDATED,SELLER_ID,BUYER_ID,STATUS) values (6,4,17,1,to_timestamp('27-APR-22 01.17.17.792000000 AM','DD-MON-RR HH.MI.SSXFF AM'),to_timestamp('27-APR-22 01.17.17.792000000 AM','DD-MON-RR HH.MI.SSXFF AM'),22,10,'Pending');
Insert into JUALANKU.T_ORDER_ITEM (ORDER_ITEM_ID,ORDER_ID,PRODUCT_ID,PRODUCT_QTY,DATE_CREATED,DATE_UPDATED,SELLER_ID,BUYER_ID,STATUS) values (8,5,16,1,to_timestamp('27-APR-22 09.32.46.381000000 AM','DD-MON-RR HH.MI.SSXFF AM'),to_timestamp('27-APR-22 09.32.46.381000000 AM','DD-MON-RR HH.MI.SSXFF AM'),11,21,'Canceled');
Insert into JUALANKU.T_ORDER_ITEM (ORDER_ITEM_ID,ORDER_ID,PRODUCT_ID,PRODUCT_QTY,DATE_CREATED,DATE_UPDATED,SELLER_ID,BUYER_ID,STATUS) values (9,6,13,2,to_timestamp('27-APR-22 03.59.16.519000000 PM','DD-MON-RR HH.MI.SSXFF AM'),to_timestamp('27-APR-22 03.59.16.519000000 PM','DD-MON-RR HH.MI.SSXFF AM'),11,23,'Canceled');
REM INSERTING into JUALANKU.T_OTP
SET DEFINE OFF;
Insert into JUALANKU.T_OTP (OTP_ID,OTP,DATE_CREATED,DATE_UPDATED,EMAIL) values (15,'678403',to_timestamp('27-APR-22 03.37.52.181000000 PM','DD-MON-RR HH.MI.SSXFF AM'),to_timestamp('27-APR-22 03.37.52.181000000 PM','DD-MON-RR HH.MI.SSXFF AM'),'irzanfajari@gmail.com');
Insert into JUALANKU.T_OTP (OTP_ID,OTP,DATE_CREATED,DATE_UPDATED,EMAIL) values (16,'444010',to_timestamp('27-APR-22 03.38.43.593000000 PM','DD-MON-RR HH.MI.SSXFF AM'),to_timestamp('27-APR-22 03.38.43.593000000 PM','DD-MON-RR HH.MI.SSXFF AM'),'irzanfajari@gmail.com');
Insert into JUALANKU.T_OTP (OTP_ID,OTP,DATE_CREATED,DATE_UPDATED,EMAIL) values (17,'404748',to_timestamp('27-APR-22 03.46.41.720000000 PM','DD-MON-RR HH.MI.SSXFF AM'),to_timestamp('27-APR-22 03.46.41.720000000 PM','DD-MON-RR HH.MI.SSXFF AM'),'trheamadiazulsa@gmail.com');
Insert into JUALANKU.T_OTP (OTP_ID,OTP,DATE_CREATED,DATE_UPDATED,EMAIL) values (18,'147057',to_timestamp('27-APR-22 03.48.13.017000000 PM','DD-MON-RR HH.MI.SSXFF AM'),to_timestamp('27-APR-22 03.48.13.017000000 PM','DD-MON-RR HH.MI.SSXFF AM'),'irzanfajari@gmail.com');
Insert into JUALANKU.T_OTP (OTP_ID,OTP,DATE_CREATED,DATE_UPDATED,EMAIL) values (19,'089810',to_timestamp('27-APR-22 03.52.09.086000000 PM','DD-MON-RR HH.MI.SSXFF AM'),to_timestamp('27-APR-22 03.52.09.086000000 PM','DD-MON-RR HH.MI.SSXFF AM'),'irzanfajari@gmail.com');
Insert into JUALANKU.T_OTP (OTP_ID,OTP,DATE_CREATED,DATE_UPDATED,EMAIL) values (20,'376304',to_timestamp('27-APR-22 03.52.27.123000000 PM','DD-MON-RR HH.MI.SSXFF AM'),to_timestamp('27-APR-22 03.52.27.123000000 PM','DD-MON-RR HH.MI.SSXFF AM'),'williamwir@gmail.com');
Insert into JUALANKU.T_OTP (OTP_ID,OTP,DATE_CREATED,DATE_UPDATED,EMAIL) values (21,'835311',to_timestamp('27-APR-22 04.02.13.974000000 PM','DD-MON-RR HH.MI.SSXFF AM'),to_timestamp('27-APR-22 04.02.13.974000000 PM','DD-MON-RR HH.MI.SSXFF AM'),'williamwir@gmail.com');
REM INSERTING into JUALANKU.T_PRODUCT
SET DEFINE OFF;
Insert into JUALANKU.T_PRODUCT (PRODUCT_ID,SELLER_ID,NAME,DESCRIPTION,IMG,PRICE,STOCK_AVAILABLE,STOCK_ORDERED,STOCK_SOLD,DATE_CREATED,DATE_UPDATED,IS_DELETED) values (21,22,'Baju putih Untuk Wanita','Lorem ipsum baju putih','img-5c6b9e24-95a7-4070-ae53-ae0b0c4c6503.jpg',50000,250,0,0,to_timestamp('26-APR-22 08.46.07.504000000 AM','DD-MON-RR HH.MI.SSXFF AM'),to_timestamp('26-APR-22 08.47.16.000000000 AM','DD-MON-RR HH.MI.SSXFF AM'),'true');
Insert into JUALANKU.T_PRODUCT (PRODUCT_ID,SELLER_ID,NAME,DESCRIPTION,IMG,PRICE,STOCK_AVAILABLE,STOCK_ORDERED,STOCK_SOLD,DATE_CREATED,DATE_UPDATED,IS_DELETED) values (10,11,'Front Pocket Jumper','Lorem ipsum dolor sit amet, consectetur adipiscing elit. Aliquam ac lacus ornare, sagittis mi quis, dignissim enim. Nulla congue enim ac maximus venenatis. Praesent euismod imperdiet dapibus.','img-48eb5d30-de3d-4b85-9e29-40f58636d2c2.jpg',300000,50,0,0,to_timestamp('25-APR-22 05.40.06.216000000 PM','DD-MON-RR HH.MI.SSXFF AM'),to_timestamp('25-APR-22 05.40.06.216000000 PM','DD-MON-RR HH.MI.SSXFF AM'),'false');
Insert into JUALANKU.T_PRODUCT (PRODUCT_ID,SELLER_ID,NAME,DESCRIPTION,IMG,PRICE,STOCK_AVAILABLE,STOCK_ORDERED,STOCK_SOLD,DATE_CREATED,DATE_UPDATED,IS_DELETED) values (15,11,'Esprit Ruffle Shirt','Lorem ipsum dolor sit amet, consectetur adipiscing elit. Aliquam ac lacus ornare, sagittis mi quis, dignissim enim. Nulla congue enim ac maximus venenatis. Praesent euismod imperdiet dapibus.','img-e2fd6d38-5041-4c55-9a46-e2eb67cebc36.jpg',200000,297,0,3,to_timestamp('25-APR-22 05.52.18.639000000 PM','DD-MON-RR HH.MI.SSXFF AM'),to_timestamp('27-APR-22 10.16.44.064000000 AM','DD-MON-RR HH.MI.SSXFF AM'),'false');
Insert into JUALANKU.T_PRODUCT (PRODUCT_ID,SELLER_ID,NAME,DESCRIPTION,IMG,PRICE,STOCK_AVAILABLE,STOCK_ORDERED,STOCK_SOLD,DATE_CREATED,DATE_UPDATED,IS_DELETED) values (8,11,'Shirt in Stretch Cotton','Shirt in Stretch Cotton made from cotton woll','img-11d239fe-b78c-4f06-90e5-feb10b5ee71a.jpg',400000,100,0,0,to_timestamp('25-APR-22 05.32.57.391000000 PM','DD-MON-RR HH.MI.SSXFF AM'),to_timestamp('25-APR-22 05.32.57.391000000 PM','DD-MON-RR HH.MI.SSXFF AM'),'false');
Insert into JUALANKU.T_PRODUCT (PRODUCT_ID,SELLER_ID,NAME,DESCRIPTION,IMG,PRICE,STOCK_AVAILABLE,STOCK_ORDERED,STOCK_SOLD,DATE_CREATED,DATE_UPDATED,IS_DELETED) values (11,11,'Femme T-Shirt In Stripe','Lorem ipsum dolor sit amet, consectetur adipiscing elit. Aliquam ac lacus ornare, sagittis mi quis, dignissim enim. Nulla congue enim ac maximus venenatis. Praesent euismod imperdiet dapibus.','img-0f88542a-f28c-48ea-b1cc-036d231bedb5.jpg',250000,120,0,0,to_timestamp('25-APR-22 05.41.22.493000000 PM','DD-MON-RR HH.MI.SSXFF AM'),to_timestamp('25-APR-22 05.41.22.493000000 PM','DD-MON-RR HH.MI.SSXFF AM'),'false');
Insert into JUALANKU.T_PRODUCT (PRODUCT_ID,SELLER_ID,NAME,DESCRIPTION,IMG,PRICE,STOCK_AVAILABLE,STOCK_ORDERED,STOCK_SOLD,DATE_CREATED,DATE_UPDATED,IS_DELETED) values (12,11,'Herschel supply','Lorem ipsum dolor sit amet, consectetur adipiscing elit. Aliquam ac lacus ornare, sagittis mi quis, dignissim enim. Nulla congue enim ac maximus venenatis. Praesent euismod imperdiet dapibus.','img-0d1fde1e-3cd8-43b4-b0ab-1cd5b846e1a6.jpg',500000,300,0,0,to_timestamp('25-APR-22 05.41.53.107000000 PM','DD-MON-RR HH.MI.SSXFF AM'),to_timestamp('25-APR-22 05.41.53.107000000 PM','DD-MON-RR HH.MI.SSXFF AM'),'false');
Insert into JUALANKU.T_PRODUCT (PRODUCT_ID,SELLER_ID,NAME,DESCRIPTION,IMG,PRICE,STOCK_AVAILABLE,STOCK_ORDERED,STOCK_SOLD,DATE_CREATED,DATE_UPDATED,IS_DELETED) values (13,11,'Only Check Trouser','Lorem ipsum dolor sit amet, consectetur adipiscing elit. Aliquam ac lacus ornare, sagittis mi quis, dignissim enim. Nulla congue enim ac maximus venenatis. Praesent euismod imperdiet dapibus.','img-a9ab7e77-08f2-42dd-ac44-5da0c1dac28d.jpg',300000,39,0,1,to_timestamp('25-APR-22 05.42.18.468000000 PM','DD-MON-RR HH.MI.SSXFF AM'),to_timestamp('27-APR-22 03.59.54.611000000 PM','DD-MON-RR HH.MI.SSXFF AM'),'false');
Insert into JUALANKU.T_PRODUCT (PRODUCT_ID,SELLER_ID,NAME,DESCRIPTION,IMG,PRICE,STOCK_AVAILABLE,STOCK_ORDERED,STOCK_SOLD,DATE_CREATED,DATE_UPDATED,IS_DELETED) values (14,11,'Herschel supply','Lorem ipsum dolor sit amet, consectetur adipiscing elit. Aliquam ac lacus ornare, sagittis mi quis, dignissim enim. Nulla congue enim ac maximus venenatis. Praesent euismod imperdiet dapibus.','img-befcfa29-f904-4110-92aa-c13f5b955e9e.jpg',300000,200,0,0,to_timestamp('25-APR-22 05.49.52.951000000 PM','DD-MON-RR HH.MI.SSXFF AM'),to_timestamp('25-APR-22 05.49.52.951000000 PM','DD-MON-RR HH.MI.SSXFF AM'),'false');
Insert into JUALANKU.T_PRODUCT (PRODUCT_ID,SELLER_ID,NAME,DESCRIPTION,IMG,PRICE,STOCK_AVAILABLE,STOCK_ORDERED,STOCK_SOLD,DATE_CREATED,DATE_UPDATED,IS_DELETED) values (16,11,'Pieces Metallic Printed','Lorem ipsum dolor sit amet, consectetur adipiscing elit. Aliquam ac lacus ornare, sagittis mi quis, dignissim enim. Nulla congue enim ac maximus venenatis. Praesent euismod imperdiet dapibus.','img-6aa509fe-7c00-4bb0-821f-2e9b0f54f980.jpg',200000,40,0,0,to_timestamp('25-APR-22 05.52.51.477000000 PM','DD-MON-RR HH.MI.SSXFF AM'),to_timestamp('27-APR-22 10.35.26.195000000 AM','DD-MON-RR HH.MI.SSXFF AM'),'false');
Insert into JUALANKU.T_PRODUCT (PRODUCT_ID,SELLER_ID,NAME,DESCRIPTION,IMG,PRICE,STOCK_AVAILABLE,STOCK_ORDERED,STOCK_SOLD,DATE_CREATED,DATE_UPDATED,IS_DELETED) values (17,22,'Vintage Inspired Classic','Lorem ipsum dolor sit amet, consectetur adipiscing elit. Aliquam ac lacus ornare, sagittis mi quis, dignissim enim. Nulla congue enim ac maximus venenatis. Praesent euismod imperdiet dapibus.','img-f64e132c-3225-429f-8331-8cdccda88232.jpg',1000000,199,1,0,to_timestamp('25-APR-22 06.07.38.186000000 PM','DD-MON-RR HH.MI.SSXFF AM'),to_timestamp('27-APR-22 01.17.17.799000000 AM','DD-MON-RR HH.MI.SSXFF AM'),'false');
Insert into JUALANKU.T_PRODUCT (PRODUCT_ID,SELLER_ID,NAME,DESCRIPTION,IMG,PRICE,STOCK_AVAILABLE,STOCK_ORDERED,STOCK_SOLD,DATE_CREATED,DATE_UPDATED,IS_DELETED) values (18,22,'Converse All Star Hi Plimsolls','Lorem ipsum dolor sit amet, consectetur adipiscing elit. Aliquam ac lacus ornare, sagittis mi quis, dignissim enim. Nulla congue enim ac maximus venenatis. Praesent euismod imperdiet dapibus.','img-42f1b58c-0bff-46c1-a0a0-c17535af3393.jpg',600000,24,1,0,to_timestamp('25-APR-22 06.12.23.230000000 PM','DD-MON-RR HH.MI.SSXFF AM'),to_timestamp('26-APR-22 11.39.36.184000000 PM','DD-MON-RR HH.MI.SSXFF AM'),'false');
Insert into JUALANKU.T_PRODUCT (PRODUCT_ID,SELLER_ID,NAME,DESCRIPTION,IMG,PRICE,STOCK_AVAILABLE,STOCK_ORDERED,STOCK_SOLD,DATE_CREATED,DATE_UPDATED,IS_DELETED) values (19,22,'Herschel supply','Lorem ipsum dolor sit amet, consectetur adipiscing elit. Aliquam ac lacus ornare, sagittis mi quis, dignissim enim. Nulla congue enim ac maximus venenatis. Praesent euismod imperdiet dapibus.','img-c5820814-f0f5-42e3-99bf-9cf1303c9f61.jpg',500000,45,0,0,to_timestamp('25-APR-22 06.12.54.899000000 PM','DD-MON-RR HH.MI.SSXFF AM'),to_timestamp('25-APR-22 06.12.54.899000000 PM','DD-MON-RR HH.MI.SSXFF AM'),'false');
Insert into JUALANKU.T_PRODUCT (PRODUCT_ID,SELLER_ID,NAME,DESCRIPTION,IMG,PRICE,STOCK_AVAILABLE,STOCK_ORDERED,STOCK_SOLD,DATE_CREATED,DATE_UPDATED,IS_DELETED) values (20,22,'Mini Silver Mesh Watch','Lorem ipsum dolor sit amet, consectetur adipiscing elit. Aliquam ac lacus ornare, sagittis mi quis, dignissim enim. Nulla congue enim ac maximus venenatis. Praesent euismod imperdiet dapibus.','img-86a1e153-c9e2-4e3c-8a16-9b266b4efd97.jpg',1000000,100,0,0,to_timestamp('25-APR-22 06.13.22.516000000 PM','DD-MON-RR HH.MI.SSXFF AM'),to_timestamp('25-APR-22 06.13.22.516000000 PM','DD-MON-RR HH.MI.SSXFF AM'),'false');
Insert into JUALANKU.T_PRODUCT (PRODUCT_ID,SELLER_ID,NAME,DESCRIPTION,IMG,PRICE,STOCK_AVAILABLE,STOCK_ORDERED,STOCK_SOLD,DATE_CREATED,DATE_UPDATED,IS_DELETED) values (22,11,'Baju putih Untuk Wanita','Deskripsi untuk baju putih untuk wanita','img-616868c0-10c6-4f96-8ea2-a874c9cf33f8.jpg',250000,250,0,0,to_timestamp('27-APR-22 03.55.41.337000000 PM','DD-MON-RR HH.MI.SSXFF AM'),to_timestamp('27-APR-22 03.56.29.150000000 PM','DD-MON-RR HH.MI.SSXFF AM'),'true');
REM INSERTING into JUALANKU.T_USER_ROLE
SET DEFINE OFF;
Insert into JUALANKU.T_USER_ROLE (USER_ROLE_ID,USER_ID,ROLE_ID) values (1,10,2);
Insert into JUALANKU.T_USER_ROLE (USER_ROLE_ID,USER_ID,ROLE_ID) values (21,21,2);
Insert into JUALANKU.T_USER_ROLE (USER_ROLE_ID,USER_ID,ROLE_ID) values (2,11,1);
Insert into JUALANKU.T_USER_ROLE (USER_ROLE_ID,USER_ID,ROLE_ID) values (22,22,1);
Insert into JUALANKU.T_USER_ROLE (USER_ROLE_ID,USER_ID,ROLE_ID) values (23,23,2);
REM INSERTING into JUALANKU.T_WALLET
SET DEFINE OFF;
Insert into JUALANKU.T_WALLET (WALLET_ID,BUYER_ID,TOTAL_BALANCE,DATE_CREATED,DATE_UPDATED) values (1,10,0,to_timestamp('25-APR-22 11.11.06.216000000 PM','DD-MON-RR HH.MI.SSXFF AM'),to_timestamp('25-APR-22 11.11.06.216000000 PM','DD-MON-RR HH.MI.SSXFF AM'));
Insert into JUALANKU.T_WALLET (WALLET_ID,BUYER_ID,TOTAL_BALANCE,DATE_CREATED,DATE_UPDATED) values (2,21,200000,to_timestamp('25-APR-22 11.11.06.216000000 PM','DD-MON-RR HH.MI.SSXFF AM'),to_timestamp('25-APR-22 11.11.06.216000000 PM','DD-MON-RR HH.MI.SSXFF AM'));
Insert into JUALANKU.T_WALLET (WALLET_ID,BUYER_ID,TOTAL_BALANCE,DATE_CREATED,DATE_UPDATED) values (3,23,610000,to_timestamp('27-APR-22 03.53.09.152000000 PM','DD-MON-RR HH.MI.SSXFF AM'),to_timestamp('27-APR-22 03.53.09.152000000 PM','DD-MON-RR HH.MI.SSXFF AM'));
--------------------------------------------------------
--  DDL for Index BUYER_EMAIL_UQ
--------------------------------------------------------

  CREATE UNIQUE INDEX "JUALANKU"."BUYER_EMAIL_UQ" ON "JUALANKU"."S_USER" ("EMAIL") 
  PCTFREE 10 INITRANS 2 MAXTRANS 255 COMPUTE STATISTICS 
  STORAGE(INITIAL 65536 NEXT 1048576 MINEXTENTS 1 MAXEXTENTS 2147483645
  PCTINCREASE 0 FREELISTS 1 FREELIST GROUPS 1
  BUFFER_POOL DEFAULT FLASH_CACHE DEFAULT CELL_FLASH_CACHE DEFAULT)
  TABLESPACE "USERS" ;
--------------------------------------------------------
--  DDL for Index BUYER_PK
--------------------------------------------------------

  CREATE UNIQUE INDEX "JUALANKU"."BUYER_PK" ON "JUALANKU"."S_USER" ("USER_ID") 
  PCTFREE 10 INITRANS 2 MAXTRANS 255 COMPUTE STATISTICS 
  STORAGE(INITIAL 65536 NEXT 1048576 MINEXTENTS 1 MAXEXTENTS 2147483645
  PCTINCREASE 0 FREELISTS 1 FREELIST GROUPS 1
  BUFFER_POOL DEFAULT FLASH_CACHE DEFAULT CELL_FLASH_CACHE DEFAULT)
  TABLESPACE "USERS" ;
--------------------------------------------------------
--  DDL for Index CART_ITEM_PK
--------------------------------------------------------

  CREATE UNIQUE INDEX "JUALANKU"."CART_ITEM_PK" ON "JUALANKU"."T_CART_ITEM" ("CART_ITEM_ID") 
  PCTFREE 10 INITRANS 2 MAXTRANS 255 COMPUTE STATISTICS 
  STORAGE(INITIAL 65536 NEXT 1048576 MINEXTENTS 1 MAXEXTENTS 2147483645
  PCTINCREASE 0 FREELISTS 1 FREELIST GROUPS 1
  BUFFER_POOL DEFAULT FLASH_CACHE DEFAULT CELL_FLASH_CACHE DEFAULT)
  TABLESPACE "USERS" ;
--------------------------------------------------------
--  DDL for Index CART_PK
--------------------------------------------------------

  CREATE UNIQUE INDEX "JUALANKU"."CART_PK" ON "JUALANKU"."T_CART" ("CART_ID") 
  PCTFREE 10 INITRANS 2 MAXTRANS 255 COMPUTE STATISTICS 
  STORAGE(INITIAL 65536 NEXT 1048576 MINEXTENTS 1 MAXEXTENTS 2147483645
  PCTINCREASE 0 FREELISTS 1 FREELIST GROUPS 1
  BUFFER_POOL DEFAULT FLASH_CACHE DEFAULT CELL_FLASH_CACHE DEFAULT)
  TABLESPACE "USERS" ;
--------------------------------------------------------
--  DDL for Index ORDER_ITEM_PK
--------------------------------------------------------

  CREATE UNIQUE INDEX "JUALANKU"."ORDER_ITEM_PK" ON "JUALANKU"."T_ORDER_ITEM" ("ORDER_ITEM_ID") 
  PCTFREE 10 INITRANS 2 MAXTRANS 255 COMPUTE STATISTICS 
  STORAGE(INITIAL 65536 NEXT 1048576 MINEXTENTS 1 MAXEXTENTS 2147483645
  PCTINCREASE 0 FREELISTS 1 FREELIST GROUPS 1
  BUFFER_POOL DEFAULT FLASH_CACHE DEFAULT CELL_FLASH_CACHE DEFAULT)
  TABLESPACE "USERS" ;
--------------------------------------------------------
--  DDL for Index ORDER_PK
--------------------------------------------------------

  CREATE UNIQUE INDEX "JUALANKU"."ORDER_PK" ON "JUALANKU"."T_ORDER" ("ORDER_ID") 
  PCTFREE 10 INITRANS 2 MAXTRANS 255 COMPUTE STATISTICS 
  STORAGE(INITIAL 65536 NEXT 1048576 MINEXTENTS 1 MAXEXTENTS 2147483645
  PCTINCREASE 0 FREELISTS 1 FREELIST GROUPS 1
  BUFFER_POOL DEFAULT FLASH_CACHE DEFAULT CELL_FLASH_CACHE DEFAULT)
  TABLESPACE "USERS" ;
--------------------------------------------------------
--  DDL for Index OTP_PK
--------------------------------------------------------

  CREATE UNIQUE INDEX "JUALANKU"."OTP_PK" ON "JUALANKU"."T_OTP" ("OTP_ID") 
  PCTFREE 10 INITRANS 2 MAXTRANS 255 COMPUTE STATISTICS 
  STORAGE(INITIAL 65536 NEXT 1048576 MINEXTENTS 1 MAXEXTENTS 2147483645
  PCTINCREASE 0 FREELISTS 1 FREELIST GROUPS 1
  BUFFER_POOL DEFAULT FLASH_CACHE DEFAULT CELL_FLASH_CACHE DEFAULT)
  TABLESPACE "USERS" ;
--------------------------------------------------------
--  DDL for Index PRODUCT_PK
--------------------------------------------------------

  CREATE UNIQUE INDEX "JUALANKU"."PRODUCT_PK" ON "JUALANKU"."T_PRODUCT" ("PRODUCT_ID") 
  PCTFREE 10 INITRANS 2 MAXTRANS 255 COMPUTE STATISTICS 
  STORAGE(INITIAL 65536 NEXT 1048576 MINEXTENTS 1 MAXEXTENTS 2147483645
  PCTINCREASE 0 FREELISTS 1 FREELIST GROUPS 1
  BUFFER_POOL DEFAULT FLASH_CACHE DEFAULT CELL_FLASH_CACHE DEFAULT)
  TABLESPACE "USERS" ;
--------------------------------------------------------
--  DDL for Index ROLE_PK
--------------------------------------------------------

  CREATE UNIQUE INDEX "JUALANKU"."ROLE_PK" ON "JUALANKU"."M_ROLES" ("ROLE_ID") 
  PCTFREE 10 INITRANS 2 MAXTRANS 255 COMPUTE STATISTICS 
  STORAGE(INITIAL 65536 NEXT 1048576 MINEXTENTS 1 MAXEXTENTS 2147483645
  PCTINCREASE 0 FREELISTS 1 FREELIST GROUPS 1
  BUFFER_POOL DEFAULT FLASH_CACHE DEFAULT CELL_FLASH_CACHE DEFAULT)
  TABLESPACE "USERS" ;
--------------------------------------------------------
--  DDL for Index USER_ROLE_PK
--------------------------------------------------------

  CREATE UNIQUE INDEX "JUALANKU"."USER_ROLE_PK" ON "JUALANKU"."T_USER_ROLE" ("USER_ROLE_ID") 
  PCTFREE 10 INITRANS 2 MAXTRANS 255 COMPUTE STATISTICS 
  STORAGE(INITIAL 65536 NEXT 1048576 MINEXTENTS 1 MAXEXTENTS 2147483645
  PCTINCREASE 0 FREELISTS 1 FREELIST GROUPS 1
  BUFFER_POOL DEFAULT FLASH_CACHE DEFAULT CELL_FLASH_CACHE DEFAULT)
  TABLESPACE "USERS" ;
--------------------------------------------------------
--  DDL for Index WALLET_PK
--------------------------------------------------------

  CREATE UNIQUE INDEX "JUALANKU"."WALLET_PK" ON "JUALANKU"."T_WALLET" ("WALLET_ID") 
  PCTFREE 10 INITRANS 2 MAXTRANS 255 COMPUTE STATISTICS 
  STORAGE(INITIAL 65536 NEXT 1048576 MINEXTENTS 1 MAXEXTENTS 2147483645
  PCTINCREASE 0 FREELISTS 1 FREELIST GROUPS 1
  BUFFER_POOL DEFAULT FLASH_CACHE DEFAULT CELL_FLASH_CACHE DEFAULT)
  TABLESPACE "USERS" ;
--------------------------------------------------------
--  Constraints for Table M_ROLES
--------------------------------------------------------

  ALTER TABLE "JUALANKU"."M_ROLES" MODIFY ("ROLE_ID" NOT NULL ENABLE);
  ALTER TABLE "JUALANKU"."M_ROLES" MODIFY ("ROLE" NOT NULL ENABLE);
  ALTER TABLE "JUALANKU"."M_ROLES" ADD CONSTRAINT "ROLE_PK" PRIMARY KEY ("ROLE_ID")
  USING INDEX PCTFREE 10 INITRANS 2 MAXTRANS 255 COMPUTE STATISTICS 
  STORAGE(INITIAL 65536 NEXT 1048576 MINEXTENTS 1 MAXEXTENTS 2147483645
  PCTINCREASE 0 FREELISTS 1 FREELIST GROUPS 1
  BUFFER_POOL DEFAULT FLASH_CACHE DEFAULT CELL_FLASH_CACHE DEFAULT)
  TABLESPACE "USERS"  ENABLE;
--------------------------------------------------------
--  Constraints for Table T_CART
--------------------------------------------------------

  ALTER TABLE "JUALANKU"."T_CART" MODIFY ("CART_ID" NOT NULL ENABLE);
  ALTER TABLE "JUALANKU"."T_CART" MODIFY ("BUYER_ID" NOT NULL ENABLE);
  ALTER TABLE "JUALANKU"."T_CART" MODIFY ("DATE_CREATED" NOT NULL ENABLE);
  ALTER TABLE "JUALANKU"."T_CART" MODIFY ("DATE_UPDATED" NOT NULL ENABLE);
  ALTER TABLE "JUALANKU"."T_CART" ADD CONSTRAINT "CART_PK" PRIMARY KEY ("CART_ID")
  USING INDEX PCTFREE 10 INITRANS 2 MAXTRANS 255 COMPUTE STATISTICS 
  STORAGE(INITIAL 65536 NEXT 1048576 MINEXTENTS 1 MAXEXTENTS 2147483645
  PCTINCREASE 0 FREELISTS 1 FREELIST GROUPS 1
  BUFFER_POOL DEFAULT FLASH_CACHE DEFAULT CELL_FLASH_CACHE DEFAULT)
  TABLESPACE "USERS"  ENABLE;
--------------------------------------------------------
--  Constraints for Table S_USER
--------------------------------------------------------

  ALTER TABLE "JUALANKU"."S_USER" MODIFY ("USER_ID" NOT NULL ENABLE);
  ALTER TABLE "JUALANKU"."S_USER" MODIFY ("NAME" NOT NULL ENABLE);
  ALTER TABLE "JUALANKU"."S_USER" MODIFY ("EMAIL" NOT NULL ENABLE);
  ALTER TABLE "JUALANKU"."S_USER" MODIFY ("PHONE" NOT NULL ENABLE);
  ALTER TABLE "JUALANKU"."S_USER" MODIFY ("PASSWORD" NOT NULL ENABLE);
  ALTER TABLE "JUALANKU"."S_USER" MODIFY ("ADDRESS" NOT NULL ENABLE);
  ALTER TABLE "JUALANKU"."S_USER" MODIFY ("DATE_CREATED" NOT NULL ENABLE);
  ALTER TABLE "JUALANKU"."S_USER" MODIFY ("DATE_UPDATED" NOT NULL ENABLE);
  ALTER TABLE "JUALANKU"."S_USER" ADD CONSTRAINT "BUYER_PK" PRIMARY KEY ("USER_ID")
  USING INDEX PCTFREE 10 INITRANS 2 MAXTRANS 255 COMPUTE STATISTICS 
  STORAGE(INITIAL 65536 NEXT 1048576 MINEXTENTS 1 MAXEXTENTS 2147483645
  PCTINCREASE 0 FREELISTS 1 FREELIST GROUPS 1
  BUFFER_POOL DEFAULT FLASH_CACHE DEFAULT CELL_FLASH_CACHE DEFAULT)
  TABLESPACE "USERS"  ENABLE;
  ALTER TABLE "JUALANKU"."S_USER" ADD CONSTRAINT "BUYER_EMAIL_UQ" UNIQUE ("EMAIL")
  USING INDEX PCTFREE 10 INITRANS 2 MAXTRANS 255 COMPUTE STATISTICS 
  STORAGE(INITIAL 65536 NEXT 1048576 MINEXTENTS 1 MAXEXTENTS 2147483645
  PCTINCREASE 0 FREELISTS 1 FREELIST GROUPS 1
  BUFFER_POOL DEFAULT FLASH_CACHE DEFAULT CELL_FLASH_CACHE DEFAULT)
  TABLESPACE "USERS"  ENABLE;
  ALTER TABLE "JUALANKU"."S_USER" MODIFY ("ACCOUNT_NON_BLOCKED" NOT NULL ENABLE);
  ALTER TABLE "JUALANKU"."S_USER" MODIFY ("ATTEMPT" NOT NULL ENABLE);
--------------------------------------------------------
--  Constraints for Table T_ORDER
--------------------------------------------------------

  ALTER TABLE "JUALANKU"."T_ORDER" MODIFY ("ORDER_ID" NOT NULL ENABLE);
  ALTER TABLE "JUALANKU"."T_ORDER" MODIFY ("BUYER_ID" NOT NULL ENABLE);
  ALTER TABLE "JUALANKU"."T_ORDER" MODIFY ("WALLET_ID" NOT NULL ENABLE);
  ALTER TABLE "JUALANKU"."T_ORDER" MODIFY ("TOTAL_PRICE" NOT NULL ENABLE);
  ALTER TABLE "JUALANKU"."T_ORDER" MODIFY ("DATE_CREATED" NOT NULL ENABLE);
  ALTER TABLE "JUALANKU"."T_ORDER" MODIFY ("DATE_UPDATED" NOT NULL ENABLE);
  ALTER TABLE "JUALANKU"."T_ORDER" ADD CONSTRAINT "ORDER_PK" PRIMARY KEY ("ORDER_ID")
  USING INDEX PCTFREE 10 INITRANS 2 MAXTRANS 255 COMPUTE STATISTICS 
  STORAGE(INITIAL 65536 NEXT 1048576 MINEXTENTS 1 MAXEXTENTS 2147483645
  PCTINCREASE 0 FREELISTS 1 FREELIST GROUPS 1
  BUFFER_POOL DEFAULT FLASH_CACHE DEFAULT CELL_FLASH_CACHE DEFAULT)
  TABLESPACE "USERS"  ENABLE;
--------------------------------------------------------
--  Constraints for Table T_CART_ITEM
--------------------------------------------------------

  ALTER TABLE "JUALANKU"."T_CART_ITEM" MODIFY ("CART_ITEM_ID" NOT NULL ENABLE);
  ALTER TABLE "JUALANKU"."T_CART_ITEM" MODIFY ("PRODUCT_ID" NOT NULL ENABLE);
  ALTER TABLE "JUALANKU"."T_CART_ITEM" MODIFY ("CART_ID" NOT NULL ENABLE);
  ALTER TABLE "JUALANKU"."T_CART_ITEM" MODIFY ("PRODUCT_QTY" NOT NULL ENABLE);
  ALTER TABLE "JUALANKU"."T_CART_ITEM" MODIFY ("DATE_CREATED" NOT NULL ENABLE);
  ALTER TABLE "JUALANKU"."T_CART_ITEM" MODIFY ("DATE_UPDATED" NOT NULL ENABLE);
  ALTER TABLE "JUALANKU"."T_CART_ITEM" ADD CONSTRAINT "CART_ITEM_PK" PRIMARY KEY ("CART_ITEM_ID")
  USING INDEX PCTFREE 10 INITRANS 2 MAXTRANS 255 COMPUTE STATISTICS 
  STORAGE(INITIAL 65536 NEXT 1048576 MINEXTENTS 1 MAXEXTENTS 2147483645
  PCTINCREASE 0 FREELISTS 1 FREELIST GROUPS 1
  BUFFER_POOL DEFAULT FLASH_CACHE DEFAULT CELL_FLASH_CACHE DEFAULT)
  TABLESPACE "USERS"  ENABLE;
--------------------------------------------------------
--  Constraints for Table T_PRODUCT
--------------------------------------------------------

  ALTER TABLE "JUALANKU"."T_PRODUCT" MODIFY ("PRODUCT_ID" NOT NULL ENABLE);
  ALTER TABLE "JUALANKU"."T_PRODUCT" MODIFY ("SELLER_ID" NOT NULL ENABLE);
  ALTER TABLE "JUALANKU"."T_PRODUCT" MODIFY ("NAME" NOT NULL ENABLE);
  ALTER TABLE "JUALANKU"."T_PRODUCT" MODIFY ("DESCRIPTION" NOT NULL ENABLE);
  ALTER TABLE "JUALANKU"."T_PRODUCT" MODIFY ("IMG" NOT NULL ENABLE);
  ALTER TABLE "JUALANKU"."T_PRODUCT" MODIFY ("PRICE" NOT NULL ENABLE);
  ALTER TABLE "JUALANKU"."T_PRODUCT" MODIFY ("STOCK_AVAILABLE" NOT NULL ENABLE);
  ALTER TABLE "JUALANKU"."T_PRODUCT" MODIFY ("STOCK_ORDERED" NOT NULL ENABLE);
  ALTER TABLE "JUALANKU"."T_PRODUCT" MODIFY ("STOCK_SOLD" NOT NULL ENABLE);
  ALTER TABLE "JUALANKU"."T_PRODUCT" MODIFY ("DATE_CREATED" NOT NULL ENABLE);
  ALTER TABLE "JUALANKU"."T_PRODUCT" MODIFY ("DATE_UPDATED" NOT NULL ENABLE);
  ALTER TABLE "JUALANKU"."T_PRODUCT" ADD CONSTRAINT "PRODUCT_PK" PRIMARY KEY ("PRODUCT_ID")
  USING INDEX PCTFREE 10 INITRANS 2 MAXTRANS 255 COMPUTE STATISTICS 
  STORAGE(INITIAL 65536 NEXT 1048576 MINEXTENTS 1 MAXEXTENTS 2147483645
  PCTINCREASE 0 FREELISTS 1 FREELIST GROUPS 1
  BUFFER_POOL DEFAULT FLASH_CACHE DEFAULT CELL_FLASH_CACHE DEFAULT)
  TABLESPACE "USERS"  ENABLE;
  ALTER TABLE "JUALANKU"."T_PRODUCT" MODIFY ("IS_DELETED" NOT NULL ENABLE);
--------------------------------------------------------
--  Constraints for Table T_USER_ROLE
--------------------------------------------------------

  ALTER TABLE "JUALANKU"."T_USER_ROLE" MODIFY ("USER_ROLE_ID" NOT NULL ENABLE);
  ALTER TABLE "JUALANKU"."T_USER_ROLE" MODIFY ("USER_ID" NOT NULL ENABLE);
  ALTER TABLE "JUALANKU"."T_USER_ROLE" MODIFY ("ROLE_ID" NOT NULL ENABLE);
  ALTER TABLE "JUALANKU"."T_USER_ROLE" ADD CONSTRAINT "USER_ROLE_PK" PRIMARY KEY ("USER_ROLE_ID")
  USING INDEX PCTFREE 10 INITRANS 2 MAXTRANS 255 COMPUTE STATISTICS 
  STORAGE(INITIAL 65536 NEXT 1048576 MINEXTENTS 1 MAXEXTENTS 2147483645
  PCTINCREASE 0 FREELISTS 1 FREELIST GROUPS 1
  BUFFER_POOL DEFAULT FLASH_CACHE DEFAULT CELL_FLASH_CACHE DEFAULT)
  TABLESPACE "USERS"  ENABLE;
--------------------------------------------------------
--  Constraints for Table T_ORDER_ITEM
--------------------------------------------------------

  ALTER TABLE "JUALANKU"."T_ORDER_ITEM" MODIFY ("SELLER_ID" NOT NULL ENABLE);
  ALTER TABLE "JUALANKU"."T_ORDER_ITEM" MODIFY ("BUYER_ID" NOT NULL ENABLE);
  ALTER TABLE "JUALANKU"."T_ORDER_ITEM" MODIFY ("STATUS" NOT NULL ENABLE);
  ALTER TABLE "JUALANKU"."T_ORDER_ITEM" MODIFY ("ORDER_ITEM_ID" NOT NULL ENABLE);
  ALTER TABLE "JUALANKU"."T_ORDER_ITEM" MODIFY ("ORDER_ID" NOT NULL ENABLE);
  ALTER TABLE "JUALANKU"."T_ORDER_ITEM" MODIFY ("PRODUCT_ID" NOT NULL ENABLE);
  ALTER TABLE "JUALANKU"."T_ORDER_ITEM" MODIFY ("PRODUCT_QTY" NOT NULL ENABLE);
  ALTER TABLE "JUALANKU"."T_ORDER_ITEM" MODIFY ("DATE_CREATED" NOT NULL ENABLE);
  ALTER TABLE "JUALANKU"."T_ORDER_ITEM" MODIFY ("DATE_UPDATED" NOT NULL ENABLE);
  ALTER TABLE "JUALANKU"."T_ORDER_ITEM" ADD CONSTRAINT "ORDER_ITEM_PK" PRIMARY KEY ("ORDER_ITEM_ID")
  USING INDEX PCTFREE 10 INITRANS 2 MAXTRANS 255 COMPUTE STATISTICS 
  STORAGE(INITIAL 65536 NEXT 1048576 MINEXTENTS 1 MAXEXTENTS 2147483645
  PCTINCREASE 0 FREELISTS 1 FREELIST GROUPS 1
  BUFFER_POOL DEFAULT FLASH_CACHE DEFAULT CELL_FLASH_CACHE DEFAULT)
  TABLESPACE "USERS"  ENABLE;
--------------------------------------------------------
--  Constraints for Table T_WALLET
--------------------------------------------------------

  ALTER TABLE "JUALANKU"."T_WALLET" MODIFY ("WALLET_ID" NOT NULL ENABLE);
  ALTER TABLE "JUALANKU"."T_WALLET" MODIFY ("BUYER_ID" NOT NULL ENABLE);
  ALTER TABLE "JUALANKU"."T_WALLET" MODIFY ("TOTAL_BALANCE" NOT NULL ENABLE);
  ALTER TABLE "JUALANKU"."T_WALLET" MODIFY ("DATE_CREATED" NOT NULL ENABLE);
  ALTER TABLE "JUALANKU"."T_WALLET" MODIFY ("DATE_UPDATED" NOT NULL ENABLE);
  ALTER TABLE "JUALANKU"."T_WALLET" ADD CONSTRAINT "WALLET_PK" PRIMARY KEY ("WALLET_ID")
  USING INDEX PCTFREE 10 INITRANS 2 MAXTRANS 255 COMPUTE STATISTICS 
  STORAGE(INITIAL 65536 NEXT 1048576 MINEXTENTS 1 MAXEXTENTS 2147483645
  PCTINCREASE 0 FREELISTS 1 FREELIST GROUPS 1
  BUFFER_POOL DEFAULT FLASH_CACHE DEFAULT CELL_FLASH_CACHE DEFAULT)
  TABLESPACE "USERS"  ENABLE;
--------------------------------------------------------
--  Constraints for Table T_OTP
--------------------------------------------------------

  ALTER TABLE "JUALANKU"."T_OTP" MODIFY ("OTP_ID" NOT NULL ENABLE);
  ALTER TABLE "JUALANKU"."T_OTP" MODIFY ("OTP" NOT NULL ENABLE);
  ALTER TABLE "JUALANKU"."T_OTP" MODIFY ("DATE_CREATED" NOT NULL ENABLE);
  ALTER TABLE "JUALANKU"."T_OTP" MODIFY ("DATE_UPDATED" NOT NULL ENABLE);
  ALTER TABLE "JUALANKU"."T_OTP" ADD CONSTRAINT "OTP_PK" PRIMARY KEY ("OTP_ID")
  USING INDEX PCTFREE 10 INITRANS 2 MAXTRANS 255 COMPUTE STATISTICS 
  STORAGE(INITIAL 65536 NEXT 1048576 MINEXTENTS 1 MAXEXTENTS 2147483645
  PCTINCREASE 0 FREELISTS 1 FREELIST GROUPS 1
  BUFFER_POOL DEFAULT FLASH_CACHE DEFAULT CELL_FLASH_CACHE DEFAULT)
  TABLESPACE "USERS"  ENABLE;
  ALTER TABLE "JUALANKU"."T_OTP" MODIFY ("EMAIL" NOT NULL ENABLE);
--------------------------------------------------------
--  Ref Constraints for Table T_CART
--------------------------------------------------------

  ALTER TABLE "JUALANKU"."T_CART" ADD CONSTRAINT "FK_BUYER_CART" FOREIGN KEY ("BUYER_ID")
	  REFERENCES "JUALANKU"."S_USER" ("USER_ID") ENABLE;
--------------------------------------------------------
--  Ref Constraints for Table T_CART_ITEM
--------------------------------------------------------

  ALTER TABLE "JUALANKU"."T_CART_ITEM" ADD CONSTRAINT "FK_PRODUCT_CART_ITEM" FOREIGN KEY ("PRODUCT_ID")
	  REFERENCES "JUALANKU"."T_PRODUCT" ("PRODUCT_ID") ENABLE;
  ALTER TABLE "JUALANKU"."T_CART_ITEM" ADD CONSTRAINT "FK_CART_CART_ITEM" FOREIGN KEY ("CART_ID")
	  REFERENCES "JUALANKU"."T_CART" ("CART_ID") ENABLE;
--------------------------------------------------------
--  Ref Constraints for Table T_ORDER
--------------------------------------------------------

  ALTER TABLE "JUALANKU"."T_ORDER" ADD CONSTRAINT "FK_BUYER_ORDER" FOREIGN KEY ("BUYER_ID")
	  REFERENCES "JUALANKU"."S_USER" ("USER_ID") ENABLE;
  ALTER TABLE "JUALANKU"."T_ORDER" ADD CONSTRAINT "FK_WALLET_ORDER" FOREIGN KEY ("WALLET_ID")
	  REFERENCES "JUALANKU"."T_WALLET" ("WALLET_ID") ENABLE;
--------------------------------------------------------
--  Ref Constraints for Table T_ORDER_ITEM
--------------------------------------------------------

  ALTER TABLE "JUALANKU"."T_ORDER_ITEM" ADD CONSTRAINT "FK_ORDERITEM_SELLER" FOREIGN KEY ("SELLER_ID")
	  REFERENCES "JUALANKU"."S_USER" ("USER_ID") ENABLE;
  ALTER TABLE "JUALANKU"."T_ORDER_ITEM" ADD CONSTRAINT "FK_ORDERITEM_BUYER" FOREIGN KEY ("BUYER_ID")
	  REFERENCES "JUALANKU"."S_USER" ("USER_ID") ENABLE;
  ALTER TABLE "JUALANKU"."T_ORDER_ITEM" ADD CONSTRAINT "FK_ORDER_ORDER_ITEM" FOREIGN KEY ("ORDER_ID")
	  REFERENCES "JUALANKU"."T_ORDER" ("ORDER_ID") ENABLE;
  ALTER TABLE "JUALANKU"."T_ORDER_ITEM" ADD CONSTRAINT "FK_PRODUCT_ORDER_ITEM" FOREIGN KEY ("PRODUCT_ID")
	  REFERENCES "JUALANKU"."T_PRODUCT" ("PRODUCT_ID") ENABLE;
--------------------------------------------------------
--  Ref Constraints for Table T_PRODUCT
--------------------------------------------------------

  ALTER TABLE "JUALANKU"."T_PRODUCT" ADD CONSTRAINT "FK_SELLER_PRODUCT" FOREIGN KEY ("SELLER_ID")
	  REFERENCES "JUALANKU"."S_USER" ("USER_ID") ENABLE;
--------------------------------------------------------
--  Ref Constraints for Table T_USER_ROLE
--------------------------------------------------------

  ALTER TABLE "JUALANKU"."T_USER_ROLE" ADD CONSTRAINT "FK_USER_USER_ROLE" FOREIGN KEY ("USER_ID")
	  REFERENCES "JUALANKU"."S_USER" ("USER_ID") ENABLE;
  ALTER TABLE "JUALANKU"."T_USER_ROLE" ADD CONSTRAINT "FK_ROLE_USER_ROLE" FOREIGN KEY ("ROLE_ID")
	  REFERENCES "JUALANKU"."M_ROLES" ("ROLE_ID") ENABLE;
--------------------------------------------------------
--  Ref Constraints for Table T_WALLET
--------------------------------------------------------

  ALTER TABLE "JUALANKU"."T_WALLET" ADD CONSTRAINT "FK_BUYER_WALLET" FOREIGN KEY ("BUYER_ID")
	  REFERENCES "JUALANKU"."S_USER" ("USER_ID") ENABLE;
